forecast_year,horizon,predicted_total_attacks
2018,1,10837.925897271532
2022,5,11004.176883119077
2027,10,11739.903085050704
