horizon_years,backtest_rmse,anchors_used
1,2228.808284699157,39
5,4801.243064082788,35
10,7512.514211357465,30
