,rmse_rf,rmse_ridge,n_train,n_test
t+1,193.05686917040174,123.66122191826211,7380.0,2255.0
t+5,232.6954811414099,224.09970486304346,7380.0,1435.0
t+10,201.95507875278287,231.33690723432088,7380.0,410.0
