horizon,rmse_rf,rmse_ridge,rmse_rf_log_target,rmse_ridge_log_target,n_train,n_test
t+1,193.05686917040174,123.66122191826211,212.97473451165624,149.5986364984583,7380.0,2255.0
t+5,232.6954811414099,224.09970486304346,255.5152544131233,183.4408479220994,7380.0,1435.0
t+10,201.95507875278287,231.33690723432088,245.07729861417562,216.1200872584912,7380.0,410.0
