horizon,n_splits,n_rows,rmse_rf_mean,rmse_rf_std,rmse_ridge_mean,rmse_ridge_std
t+1,5,9635,63.338208271714414,35.20187281394133,57.61179600469997,25.967512766970856
t+5,5,8815,84.54141888555432,48.6669036855614,86.86786501935634,40.80285263592472
t+10,5,7790,101.37423667541252,62.74669563227293,107.96288280542426,59.706426437484225
