level,model,accuracy,f1_high_risk
region,baseline_majority,0.6547619047619048,0.0
region,logistic_regression,0.9642857142857143,0.9491525423728814
region,decision_tree,0.8452380952380952,0.7796610169491526
region,random_forest,0.9523809523809523,0.9333333333333333
country,baseline_majority,0.7010452961672474,0.0
country,logistic_regression,0.9094076655052264,0.8406862745098039
country,decision_tree,0.8717770034843205,0.7951002227171492
country,random_forest,0.929616724738676,0.8772782503037667
