model,accuracy_mean,accuracy_std,f1_high_risk_mean,f1_high_risk_std,n_splits,n_rows,panel
baseline_majority,0.7590277777777777,0.13978185164527876,0.0,0.0,5,576,region
logistic_regression,0.9215277777777777,0.045197611375758284,0.8063454241780585,0.13485584388795763,5,576,region
decision_tree,0.8854166666666666,0.07626252174051303,0.7181121991982554,0.14887592864048782,5,576,region
random_forest,0.929861111111111,0.035437085617147424,0.8163174931129475,0.10891117809240639,5,576,region
