model,accuracy,precision_high_risk,recall_high_risk,f1_high_risk,roc_auc,level,risk_threshold_train_q75,threshold_tuned
region_baseline_majority,0.6547619047619048,0.0,0.0,0.0,0.5,region,573.75,
region_logistic_regression,0.9642857142857143,0.9333333333333333,0.9655172413793104,0.9491525423728814,0.9836990595611286,region,573.75,
region_decision_tree,0.8452380952380952,0.7666666666666667,0.7931034482758621,0.7796610169491526,0.9473354231974922,region,573.75,
region_random_forest,0.9523809523809523,0.9032258064516129,0.9655172413793104,0.9333333333333333,0.9855799373040752,region,573.75,
region_random_forest_f1_threshold,0.9642857142857143,0.9333333333333333,0.9655172413793104,0.9491525423728814,,region,573.75,0.5649027781605013
region_random_forest_calibrated,0.9404761904761905,0.875,0.9655172413793104,0.9180327868852459,0.9836990595611286,region,573.75,
